employeeID,name,date_of_birth,email,phone_Number,addressID
0,Joanne Parker PhD,1981-03-11,jonathanbush@yahoo.com,+1-572-025-9589,3
1,Danielle Ross,1971-10-17,ykelly@yahoo.com,875-314-7941x534,7
2,Scott Smith MD,1982-07-05,woodwarddavid@yahoo.com,(826)859-4388,5
3,Nathan Love,1985-12-14,qblack@benson.com,944.490.0138x678,6
4,Kaylee Simmons,1994-11-17,malonedustin@khan-cunningham.com,395.807.6438x2515,3
5,Julie Lee,2000-12-07,susanwhitehead@hotmail.com,9933210491,4
6,Tonya Ramirez,1995-07-25,johnwarren@ritter-compton.com,022-499-6360,4
7,Sarah Lawson,1969-07-20,bthompson@garcia-garcia.biz,+1-502-056-6923,4
8,Laurie Mora,1994-06-18,brian27@pratt.biz,001-699-814-6050x0904,2
9,Brian Anderson,1979-07-10,mullenfrank@gmail.com,(055)948-1279x5525,6
10,Jose Lawson,1974-01-15,stacyherman@stone.com,(562)930-5734x01353,2
11,Brandon Guerrero,1993-05-14,mariawashington@hotmail.com,(282)975-7768x62688,6
12,Madison Moore,1962-05-13,clarkamanda@long.com,758.707.5763,0
13,Rachel Wright,1979-02-09,nkeith@gmail.com,+1-446-897-4082x66886,6
14,Thomas Dixon,1984-04-19,edward29@henderson.com,091-575-4620,1
15,William Shaffer,1962-06-25,craigharding@tyler-trujillo.net,390-455-1644x3484,2
16,Chad Hatfield,1992-08-25,shanefreeman@huynh.com,(809)795-7090,4
17,Jennifer Ray MD,1981-12-31,nicole73@martinez.com,+1-629-692-1729x744,7
18,Jessica Le,1966-12-06,erin26@gmail.com,(259)573-2408x168,5
19,Tara Davis,1983-03-12,hillhector@summers-mccoy.biz,369.108.5299x519,2
20,Melissa Jimenez,1980-02-04,jessicaherrera@yahoo.com,524.866.8696,6
21,Anthony Wilcox,1991-09-27,mcphersonamy@hotmail.com,001-189-695-9644x1525,7
22,Rebecca White,1988-03-31,dianedavis@gmail.com,001-764-392-6745,3
23,Shannon Hayes,1974-03-01,valeriemitchell@gmail.com,595-075-2403x89274,5
24,Christine Bowers,1961-11-15,kathleenjohnson@yahoo.com,854-401-2180x39897,0
25,Kristen James,1980-09-23,paulroberts@smith.org,(581)714-0521x79016,3
26,Timothy Williams,1962-06-24,tkelly@gill-allen.com,057-826-8717x159,3
27,Evan Oneal,1965-07-11,pamtate@harding-nelson.info,(511)062-8702x030,0
28,Lawrence Rogers,1975-02-03,tfry@gmail.com,001-519-772-9214x72337,5
29,Carol Vargas,1979-07-10,cartertimothy@gmail.com,(819)557-8873x976,0
30,Leah Mcintyre,1974-03-22,qchandler@mathis-higgins.info,(139)723-8925,5
31,Joel Banks,1998-12-25,wbradley@russell-vargas.com,113.805.3996x9919,0
32,Eric Lewis,2003-01-01,higginsnathan@wagner.net,513-206-0121x22935,3
33,Brandon Watson,1993-03-11,hprince@hotmail.com,383-385-4417x9514,0
34,Joanne Moon,1974-02-14,patriciarivera@yahoo.com,744.300.9826x75871,1
35,Christopher Watts,1992-02-09,sarawheeler@luna.com,(605)373-8359,0
36,Lori Torres,1963-06-29,berrycarlos@yahoo.com,829-143-2055x7251,4
37,William Gray,1976-05-06,jonathan96@gmail.com,020.079.7007x751,3
38,Gregory Ross,2001-07-04,valeriechristensen@hensley.com,961.810.7213x0176,2
39,Brandon Diaz,1968-12-21,sanchezpaul@hotmail.com,970-783-0109,5
40,Heather Miller,1988-07-09,mariah24@wilson.biz,001-861-097-4036x189,3
41,Margaret Meyers,1977-07-24,mallory97@collins-ross.info,+1-437-126-2891x469,7
42,Jennifer Villanueva,1975-03-25,mark20@tate.com,+1-589-516-1796x886,4
43,Jay Sanchez,1971-03-15,tiffanybaker@nelson-pitts.com,+1-152-410-4939x097,7
44,Gregory Day,1978-01-15,jonathan21@hotmail.com,+1-121-917-9798,2
45,Rachel Pham,2002-09-29,andreahopkins@taylor.biz,882.584.8346,2
46,Chloe Shields,1987-07-01,christine02@gmail.com,(691)971-4659,5
47,John Jones,1976-05-16,zacharygomez@hotmail.com,4936739343,6
48,Eugene Carrillo,1966-01-18,bradleymeghan@mendoza.biz,(487)682-6943x330,2
49,Kyle Martinez,1987-03-29,randallbell@yahoo.com,(392)480-6316x2385,7
50,Scott Brady,1984-04-23,ryan96@camacho-meyers.biz,503.024.1042x384,2
51,Alexandria Jordan,1988-04-07,kendrayoung@gonzalez.com,001-730-476-1572,5
52,John Garrison,1979-11-18,woneill@yahoo.com,001-248-002-0430x801,2
53,Edward Mitchell,1994-03-12,gregory14@gmail.com,009-330-8199x3091,3
54,Samantha Walls,1968-07-26,andersonthomas@brown.biz,001-161-223-7629x21640,2
55,Brandon Webb,1964-12-27,piercemichelle@andrews-hawkins.com,001-360-402-9684,4
56,Jodi Kaiser,2003-06-01,wgoodwin@jackson-brown.org,409.978.1820x075,2
57,Matthew Ross,1964-07-08,kendrawright@martinez-hebert.info,617.144.7036,1
58,Peter Young,1970-10-06,denisemichael@yahoo.com,001-132-701-1624x85179,0
59,Christopher Chung,1997-09-23,amanda83@gmail.com,959.254.1880x856,2
60,Timothy Orr,1997-12-28,gchambers@gmail.com,3994102504,7
61,Jill Thomas,1962-02-20,vmadden@jones-graham.info,(066)881-9694,2
62,Rebecca Rodriguez,1966-09-02,sonya42@lewis.com,5376392454,6
63,Valerie Henderson,1992-10-23,joseph34@hotmail.com,275.424.0043x16872,7
64,Rachel Rush,1966-02-16,hgriffin@yahoo.com,(780)514-5475,0
65,Pamela Thomas,1993-04-27,holmessusan@williams.com,(349)032-4821x5513,2
66,Michael Serrano,1970-03-06,gwolf@torres.com,(911)060-4516x7900,2
67,Sarah Adkins,1967-02-09,john58@gmail.com,+1-978-712-0679,4
68,Ross Freeman,1988-07-07,george24@jones.net,+1-030-606-0998x7730,4
69,Riley Mason,1972-04-05,daniel44@gmail.com,899.625.6225,0
70,James Jennings,1986-08-20,wwarner@bernard.com,(039)578-9010,6
71,Lynn Trevino,1979-05-14,andremarsh@james.net,750-493-2104,0
72,John Gonzalez,1989-08-10,steven42@haynes.net,458-084-5865,2
73,Ariel Brown,1985-05-07,wigginsjanice@hotmail.com,705.749.4153,1
74,Jacob Ellis,1980-06-27,travismora@williams-west.biz,(673)320-6886,5
75,Christian Johnson,1961-09-14,katie89@gmail.com,(781)531-0613x449,3
76,Kim Weber,1962-09-13,autumndunn@gmail.com,(653)468-4190x1522,0
77,Briana Stewart,1984-10-15,marshallrobin@yahoo.com,361-575-5926,4
78,Mary Chan,1995-06-26,esmith@gmail.com,(457)366-3472,1
79,Sherri Jones,1984-09-30,jasonvargas@weber.org,(523)763-3700,6
80,William Poole,1986-10-14,isaac35@copeland-thompson.com,(607)672-7455x722,6
81,Gabriel Fleming,1985-10-18,wigginsdana@fry.org,+1-082-627-5414x44070,6
82,Daryl White,1994-01-15,thompsonjeffrey@davis.com,993-859-0422,4
83,Nicholas Cooper,1982-02-25,bethbush@johnston.com,(975)346-7158x6985,7
84,John Brown,1979-07-28,sarayoung@yahoo.com,320-270-9301x8844,2
85,Bethany King,1993-01-13,markcampbell@munoz.biz,890.213.7101x473,1
86,Veronica Crawford,1976-12-19,richardschultz@conley.org,+1-960-424-7814x9127,0
87,Angela Stewart,1998-07-20,stephenwood@gmail.com,+1-388-383-8428x3042,1
88,Jennifer Vega,1996-03-22,jennifer08@lara.com,197-447-1645x155,2
89,Thomas Rodriguez MD,1964-05-25,ryan15@carpenter.com,387.348.5866x386,6
90,Kenneth Mcbride,1967-12-10,blanchardlisa@yahoo.com,030-327-7383,5
91,Crystal Green,1966-10-04,john93@vasquez.com,(234)660-4183,1
92,Karl Singh,1971-05-10,annaknox@hotmail.com,662-463-3311,0
93,Nicholas Lawson,1987-03-16,jessica05@gmail.com,903.645.4383,3
94,Nicholas Padilla,1992-10-23,brendatorres@gmail.com,001-871-127-9613x2912,6
95,Alicia Hart,1970-10-31,doylejamie@stone-peterson.com,001-543-484-7800x09683,4
96,Sean Armstrong,1992-09-22,foxamy@hotmail.com,+1-244-615-0288x1637,4
97,Dawn Norris,1981-08-30,nancyfarrell@gmail.com,005.065.6431,7
98,Lori Martinez,1964-07-06,vbrown@gmail.com,001-649-443-6311,0
